Age,Department,DistanceFromHome,Education,EducationField,EnvironmentSatisfaction,JobSatisfaction,MaritalStatus,MonthlyIncome,NumCompaniesWorked,WorkLifeBalance,YearsAtCompany,Attrition
41,446,1,2,606,2,4,470,5993,8,1,6,1
49,961,8,1,606,3,2,673,5130,1,3,10,0
37,961,2,2,82,4,3,470,2090,6,3,0,1
33,961,3,4,606,4,3,673,2909,1,3,8,0
27,961,2,1,464,1,2,673,3468,9,3,2,0
32,961,2,2,606,4,4,470,3068,0,2,7,0
59,961,3,3,464,3,1,673,2670,4,2,1,0
30,961,24,1,606,4,3,327,2693,1,3,1,0
38,961,23,3,606,4,3,470,9526,0,3,9,0
36,961,27,3,464,3,3,673,5237,6,2,7,0
35,961,16,3,464,1,2,673,2426,0,3,5,0
29,961,15,2,606,4,3,470,4193,0,3,9,0
31,961,26,1,606,1,3,327,2911,1,2,5,0
34,961,19,2,464,2,4,327,2661,0,3,2,0
28,961,24,3,606,3,3,470,2028,5,3,4,1
29,961,21,4,606,2,1,327,9980,1,3,10,0
32,961,5,2,606,1,2,327,3298,0,2,6,0
22,961,16,2,464,4,4,327,2935,1,2,1,0
53,446,2,4,606,1,4,673,15427,2,3,25,0
38,961,2,3,606,4,4,470,3944,5,3,3,0
24,961,11,2,82,1,3,327,4011,0,2,4,0
36,446,9,4,606,3,1,470,3407,7,3,5,1
34,961,7,4,606,1,2,470,11994,0,3,12,0
21,961,15,2,606,3,4,470,1232,1,3,0,0
34,961,6,1,464,2,1,470,2960,2,3,4,1
53,961,5,3,82,3,3,327,19094,4,2,14,0
32,961,16,1,606,2,1,470,3919,1,3,10,1
42,446,8,4,159,3,2,673,6825,0,3,9,0
44,961,7,4,464,1,4,673,10248,3,3,22,0
46,446,2,4,159,2,1,470,18947,3,2,2,0
33,961,2,3,464,3,4,470,2496,4,3,1,0
44,961,10,4,82,4,4,673,6465,2,4,4,0
30,961,9,2,464,4,3,470,2206,1,3,10,0
39,446,5,3,132,4,4,673,2086,3,4,1,1
24,961,1,3,464,2,4,673,2293,2,2,2,1
43,961,2,2,464,4,3,327,2645,1,2,5,0
50,446,3,2,159,1,3,673,2683,1,3,3,1
35,446,2,3,159,4,4,673,2014,1,3,2,0
36,961,5,4,606,2,1,673,3419,9,4,1,0
33,446,1,3,606,3,1,673,5376,2,3,5,0
35,961,4,2,82,3,4,327,1951,1,3,1,0
27,961,2,4,606,4,1,327,2341,1,3,1,0
26,961,25,3,606,1,3,470,2293,1,2,1,1
27,446,8,3,606,4,3,470,8726,1,3,9,0
30,961,1,2,464,3,4,470,4011,1,3,12,0
41,961,12,3,132,2,3,673,19545,1,3,22,1
34,446,23,4,159,2,3,470,4568,0,3,9,0
37,961,19,2,606,2,2,673,3022,4,3,1,0
46,446,5,4,159,1,4,470,5772,4,3,9,0
35,961,8,1,606,4,4,673,2269,1,3,1,0
48,961,1,2,606,1,3,470,5381,9,3,1,1
28,961,5,4,132,3,3,470,3441,1,2,2,1
44,446,1,5,159,2,1,327,5454,5,2,4,0
35,961,11,2,464,3,1,673,9884,2,3,4,0
26,446,23,3,159,3,4,673,4157,7,2,2,0
33,961,1,2,606,1,4,470,13458,1,3,15,0
35,446,18,5,606,2,1,673,9069,1,2,9,0
35,961,23,4,464,3,1,673,4014,3,3,2,0
31,961,7,4,606,4,4,327,5915,3,2,7,0
37,961,1,4,606,1,3,327,5993,1,4,7,0
32,961,1,3,464,1,4,673,6162,1,3,9,0
38,961,29,5,606,4,4,470,2406,1,3,10,0
50,961,7,2,464,2,3,327,18740,5,2,27,0
59,446,25,3,606,1,1,470,7637,7,2,21,0
36,961,8,3,132,3,3,327,10096,1,3,17,0
55,961,8,3,464,4,3,327,14756,2,3,5,0
36,961,11,3,606,2,2,470,6499,1,3,6,0
45,961,7,3,606,2,1,327,9724,2,3,1,0
35,961,1,3,464,2,1,673,2194,4,2,3,0
36,961,9,3,464,4,3,673,3388,0,2,1,1
59,446,1,1,606,1,3,470,5473,7,2,4,0
29,961,2,3,606,3,2,673,2703,0,3,5,0
31,961,1,4,464,3,2,470,2501,1,3,1,0
32,961,1,3,606,2,2,673,6220,1,3,10,0
36,961,6,3,606,2,4,673,3038,3,3,1,0
31,961,8,4,606,3,4,470,4424,1,3,11,0
35,446,1,4,159,3,1,470,4312,0,3,15,0
45,961,6,4,82,4,1,673,13245,4,4,0,0
37,961,7,4,464,1,3,470,13664,4,4,5,0
46,63,5,2,464,2,2,327,5021,8,3,4,0
30,961,1,1,606,4,4,673,5126,1,2,10,0
35,961,1,3,464,2,3,470,2859,1,3,6,0
55,446,1,2,606,1,4,673,10239,3,3,1,0
38,961,6,3,464,2,4,327,5329,7,3,13,0
34,961,1,2,464,1,2,673,4325,1,3,5,0
56,961,7,3,606,4,4,470,7260,4,2,6,0
23,446,2,1,132,3,1,327,2322,3,3,0,0
51,961,9,4,606,4,4,673,2075,3,3,4,0
30,961,2,3,606,3,4,673,4152,1,3,11,0
46,446,9,2,464,3,4,470,9619,1,3,9,1
40,961,1,4,606,3,2,673,13503,1,2,22,0
51,446,21,4,159,3,4,470,5441,0,1,10,0
30,446,4,2,464,3,2,327,5209,1,2,11,0
46,961,1,3,464,3,1,673,10673,2,2,10,0
32,446,6,4,464,2,3,470,5010,1,3,11,0
54,961,2,4,132,1,3,673,13549,9,1,4,0
24,446,3,2,82,1,3,673,4999,0,2,3,0
28,446,4,3,464,2,3,673,4221,1,4,5,0
58,446,10,4,464,4,3,470,13872,0,2,37,0
44,961,23,3,464,2,2,673,2042,4,4,3,0
37,63,6,4,27,3,1,327,2073,4,3,3,1
32,961,1,1,606,4,1,470,2956,1,3,1,0
20,961,6,3,606,4,4,470,2926,1,3,1,1
34,961,6,4,82,1,3,470,4809,1,3,16,0
37,961,2,2,606,3,4,327,5163,5,4,1,0
59,63,2,4,27,3,4,673,18844,9,3,3,0
50,961,1,3,606,1,2,673,18172,3,2,8,0
25,446,5,3,159,3,3,470,5744,1,3,6,1
25,961,7,1,464,4,4,673,2889,1,3,2,0
22,961,15,3,464,2,4,470,2871,1,3,0,0
51,961,1,4,464,1,1,470,7484,3,2,13,0
34,961,7,3,606,1,3,470,6074,1,3,9,1
54,63,26,3,27,4,4,470,17328,2,3,5,0
24,961,18,1,606,2,3,673,2774,0,3,5,0
34,961,6,4,606,3,2,327,4505,6,3,1,0
37,446,3,3,606,3,4,470,7428,2,3,5,0
34,961,5,3,464,3,1,470,11631,2,3,11,0
36,446,11,2,132,2,4,673,9738,0,3,9,0
36,961,3,2,606,1,4,327,2835,5,3,1,0
43,446,26,2,606,3,4,673,16959,1,4,25,0
30,961,23,3,606,1,3,327,2613,1,2,10,0
33,446,22,2,159,3,2,673,6146,0,4,7,0
56,961,14,4,606,2,2,673,4963,9,3,5,1
51,961,6,3,606,1,3,470,19537,7,3,20,0
31,446,6,4,606,2,3,673,6172,4,2,7,1
26,961,6,3,82,3,2,673,2368,1,2,5,0
58,961,23,4,464,4,4,673,10312,1,2,40,1
19,446,22,1,159,4,3,470,1675,1,2,0,1
22,961,2,1,132,3,4,673,2523,0,3,2,0
49,961,20,4,464,3,1,673,6567,1,2,15,0
43,961,28,3,464,2,3,470,4739,4,3,3,0
50,446,12,3,159,3,4,470,9208,4,3,2,0
31,446,20,3,606,2,3,673,4559,3,3,2,1
41,446,9,1,606,3,3,327,8189,3,3,9,0
26,63,25,1,606,3,3,673,2942,1,3,8,0
36,961,6,2,464,2,2,327,4941,6,3,3,0
51,961,8,4,606,1,4,470,10650,2,3,4,1
39,446,4,4,606,4,3,673,5902,4,4,15,0
25,446,28,3,606,1,3,673,8639,2,3,2,0
30,63,9,3,27,3,4,673,6347,0,1,11,0
32,961,9,3,464,1,1,470,4200,7,4,5,1
45,961,29,3,464,3,4,470,3452,5,2,6,0
38,961,3,5,132,4,3,470,4317,3,3,3,0
30,961,18,3,606,1,3,470,2632,1,2,5,0
32,446,9,2,464,4,4,327,4668,0,4,8,0
30,961,5,3,132,4,1,327,3204,5,3,3,0
30,961,2,1,464,2,4,470,2720,0,3,5,0
41,961,10,3,606,4,1,327,17181,4,2,7,0
41,961,9,4,606,3,1,673,2238,2,3,5,0
19,961,3,1,464,2,2,470,1483,1,3,1,0
40,961,26,3,464,2,2,327,5605,1,3,20,0
35,446,1,5,159,3,2,673,7295,1,3,10,0
53,446,6,2,159,2,3,673,2306,2,1,7,0
45,961,9,3,606,2,2,327,2348,8,1,17,0
32,446,8,3,159,2,4,470,8998,1,3,9,0
29,961,1,1,132,4,3,673,4319,1,3,10,0
51,961,7,4,464,2,3,673,6132,2,3,1,0
58,961,9,3,464,2,2,673,3346,4,2,1,0
40,446,4,4,159,3,4,673,10855,7,2,12,0
34,446,2,4,159,3,3,673,2231,6,3,4,0
22,961,19,1,464,3,4,673,2323,1,3,2,0
27,961,9,3,464,4,2,327,2024,6,1,2,0
28,961,21,3,464,3,4,673,2713,1,1,5,0
57,961,24,2,606,3,4,327,9439,3,1,5,0
27,961,3,3,464,3,3,327,2566,1,2,1,0
50,961,11,3,606,3,2,470,19926,3,3,5,0
41,961,14,3,606,1,3,327,2451,4,3,9,0
30,446,5,3,606,2,4,673,9419,2,3,10,0
38,446,1,4,606,1,4,470,8686,4,4,8,0
32,961,6,5,606,3,3,470,3038,3,3,5,0
27,961,17,3,132,3,2,673,3058,0,2,5,0
19,446,1,1,132,3,1,470,2325,0,4,0,1
36,961,3,2,464,4,2,470,2088,4,2,8,0
30,961,9,3,464,3,1,327,3072,1,3,12,0
45,446,4,2,606,3,1,327,5006,4,4,5,0
56,961,8,3,606,3,1,327,4257,4,3,2,0
33,961,2,3,606,3,4,470,2500,0,4,3,0
19,961,2,3,606,2,4,470,1102,1,2,1,1
46,446,1,2,159,2,1,327,10453,1,3,24,0
38,961,9,2,606,3,4,470,2288,1,3,2,0
31,961,12,1,464,3,4,673,3929,8,3,4,0
34,961,27,2,464,4,2,470,2311,2,3,3,0
41,446,20,2,159,2,2,470,3140,1,2,4,1
50,961,1,3,464,3,3,673,3690,2,2,3,0
53,961,13,2,464,4,1,327,4450,1,3,4,0
33,961,14,3,464,4,2,673,2756,1,3,8,0
40,961,4,1,464,4,3,673,19033,1,3,20,0
55,961,14,4,464,3,2,470,18722,8,3,24,0
34,961,2,1,606,4,3,673,9547,1,2,10,0
51,961,3,3,464,4,2,470,13734,3,3,7,0
52,961,1,4,606,3,3,673,19999,0,3,33,0
27,961,9,3,464,4,2,470,2279,1,2,7,0
35,961,23,2,606,2,3,673,5916,3,3,1,1
43,961,7,3,464,4,4,327,2089,4,4,5,0
45,961,2,2,464,1,4,673,16792,9,3,20,0
37,961,21,3,606,2,1,673,3564,1,2,8,0
35,961,2,3,464,2,2,470,4425,5,3,6,0
42,961,21,2,464,3,3,327,5265,2,3,5,0
38,961,2,4,606,4,3,673,6553,9,3,1,0
38,961,29,3,132,4,4,673,6261,3,1,7,0
27,961,1,1,132,3,1,673,4298,5,3,2,0
49,961,18,4,606,4,4,327,6804,1,3,7,0
34,961,10,4,464,4,3,327,3815,1,4,5,0
40,961,19,2,464,3,4,673,2741,8,4,7,0
38,961,29,1,464,2,1,673,6673,7,3,1,1
29,446,27,3,159,2,4,673,7639,1,2,10,1
22,961,5,3,606,4,2,327,2328,1,2,4,0
36,961,18,1,464,2,4,470,2153,1,3,8,0
40,961,9,5,606,4,4,673,4876,9,1,3,0
46,961,1,4,464,4,1,327,9396,7,3,4,0
32,446,4,4,464,4,4,673,10400,1,2,14,1
30,961,1,1,606,3,3,470,8474,1,3,11,0
27,446,20,3,606,4,3,470,9981,1,3,7,0
51,961,8,4,606,2,2,673,12490,5,1,10,0
30,961,3,3,132,4,1,470,2657,5,3,5,1
41,446,6,3,606,4,4,470,13591,3,3,1,0
30,446,26,4,159,3,1,470,6696,5,2,6,1
29,961,1,3,132,3,3,470,2058,0,2,6,1
45,446,6,3,464,4,4,470,8865,6,3,19,0
54,446,3,3,159,4,1,673,5940,2,3,6,0
36,961,5,2,606,4,2,470,5914,8,4,13,0
33,961,4,4,464,3,2,673,2622,6,3,3,0
37,961,11,3,82,2,4,327,12185,1,3,10,0
38,446,3,3,606,1,3,327,10609,0,2,16,0
31,961,1,4,464,3,3,673,4345,0,3,5,0
59,961,3,3,606,3,4,673,2177,3,3,1,0
37,446,4,4,159,1,4,327,2793,4,3,9,0
29,446,1,1,464,2,4,673,7918,1,3,11,0
35,446,1,3,159,3,3,470,8789,1,4,10,0
29,961,18,1,464,3,4,470,2389,1,2,4,1
52,961,2,3,606,3,4,470,3212,7,2,2,0
42,961,4,2,132,3,4,673,19232,1,3,22,0
59,63,6,2,464,2,3,673,2267,8,2,2,0
50,446,1,4,464,4,4,327,19517,3,2,7,0
33,961,14,3,464,3,4,673,2436,5,1,5,1
43,446,16,3,159,4,4,673,16064,5,3,17,0
33,961,2,2,606,1,1,673,2707,7,4,9,1
52,446,2,4,606,1,3,470,19068,1,4,33,0
32,446,4,2,606,3,2,673,3931,2,3,4,0
32,961,1,3,606,4,3,470,3730,0,1,3,1
39,961,1,4,464,3,3,327,2232,7,3,3,0
32,446,26,4,159,3,4,673,4465,0,3,3,0
41,961,19,2,606,3,1,327,3072,2,2,1,0
40,961,24,2,132,1,4,327,3319,1,3,9,0
45,961,1,3,82,3,4,673,19202,0,3,24,0
31,961,3,4,464,2,3,327,13675,9,3,2,0
33,961,5,4,606,3,4,673,2911,1,2,2,0
34,961,2,4,606,4,1,673,5957,6,3,11,0
37,961,1,2,464,3,1,673,3920,2,2,3,0
45,961,7,4,606,1,3,673,6434,4,3,3,0
37,961,10,3,464,1,3,327,10048,6,3,1,1
39,961,2,4,132,3,3,470,10938,0,3,19,0
29,961,15,3,606,3,4,470,2340,1,3,6,0
42,961,17,2,606,4,1,470,6545,3,3,3,0
29,446,20,2,159,4,4,327,6931,2,3,3,0
25,961,1,3,606,1,3,673,4898,0,3,4,0
42,961,2,3,464,4,1,327,2593,0,3,9,0
40,961,2,2,464,1,3,327,19436,0,3,21,0
51,961,1,3,606,3,4,673,2723,1,2,1,0
31,961,29,2,464,3,2,470,3479,0,4,5,1
32,961,7,3,606,2,2,673,2794,1,1,5,0
38,446,2,2,606,4,4,673,5249,3,3,8,0
32,961,2,1,132,4,1,470,2176,4,3,6,0
46,446,2,3,132,3,2,673,16872,3,2,7,0
28,961,2,4,606,1,3,470,3485,2,1,0,1
29,446,2,3,464,1,2,673,6644,2,3,0,0
31,961,23,3,464,2,4,673,5582,0,3,9,0
25,961,5,2,606,2,1,327,4000,1,3,6,0
45,961,20,2,464,3,4,673,13496,0,3,20,0
36,961,6,3,606,4,4,673,3210,0,3,15,0
55,961,1,3,464,4,1,470,19045,0,3,36,0
47,961,29,4,606,1,2,673,11849,1,2,10,1
28,961,9,3,464,4,4,673,2070,1,2,5,0
37,446,6,4,464,3,4,673,6502,4,4,5,0
21,961,3,2,464,4,3,470,3230,1,4,3,0
37,961,1,4,464,1,4,327,13603,2,3,5,0
35,961,22,3,606,2,2,327,11996,7,2,7,0
38,446,7,2,464,1,1,327,5605,1,3,8,0
26,961,1,3,606,3,2,327,6397,1,1,6,0
50,961,4,1,606,1,2,327,19144,3,2,10,0
53,961,3,4,464,3,3,673,17584,3,2,5,0
42,446,1,1,606,2,3,673,4907,1,3,20,0
29,446,2,2,606,2,4,470,4554,1,2,10,0
55,961,20,2,132,2,4,673,5415,3,3,10,0
26,961,11,2,464,1,1,673,4741,1,3,5,0
37,961,1,3,606,4,4,470,2115,1,3,17,0
44,961,24,3,606,4,3,327,3161,3,1,1,1
38,961,23,4,606,4,4,327,5745,9,3,2,0
26,961,16,4,464,1,2,327,2373,2,3,3,1
28,961,8,2,606,4,4,470,3310,1,3,5,0
49,961,10,4,606,3,1,470,18665,9,3,3,0
36,961,3,3,132,3,2,470,4485,4,3,8,0
31,446,5,3,159,4,2,327,2789,1,2,2,0
26,446,4,4,159,4,4,470,5828,1,3,8,1
37,961,9,3,464,2,4,673,2326,1,2,4,0
42,446,26,3,159,3,2,673,13525,5,4,20,0
18,961,3,3,606,3,3,470,1420,1,3,0,1
35,446,16,3,159,3,2,673,8020,0,2,11,0
36,961,18,4,606,3,4,673,3688,4,3,1,0
51,961,2,3,464,4,2,327,5482,5,3,4,0
41,446,2,4,606,4,2,470,16015,1,3,22,0
18,446,10,3,464,4,3,470,1200,1,3,0,0
28,961,16,2,464,2,1,470,5661,0,3,8,0
31,446,7,3,132,2,4,673,6929,4,2,8,0
39,961,1,3,464,3,4,327,9613,0,2,18,0
36,961,24,4,606,2,2,673,5674,7,3,9,0
32,446,7,3,606,4,3,673,5484,1,2,13,0
38,961,25,2,606,1,2,673,12061,3,3,10,0
58,961,1,4,606,4,3,327,5660,2,3,5,0
31,961,5,4,132,3,4,673,4821,0,3,5,0
31,63,2,3,27,1,1,673,6410,3,3,2,0
45,961,7,3,606,1,1,327,5210,1,3,24,0
31,961,2,4,606,3,4,327,2695,0,1,2,0
33,961,5,4,606,4,2,673,11878,6,3,10,0
39,961,10,1,464,3,1,673,17068,1,3,21,0
43,961,10,4,606,3,4,470,2455,0,3,8,0
49,961,1,2,132,3,3,470,13964,7,3,7,0
52,961,8,4,464,3,2,673,4941,2,2,8,1
27,961,5,3,606,3,2,470,2478,1,2,4,0
32,446,8,2,132,3,2,673,5228,1,3,13,0
27,446,2,3,606,4,3,470,4478,1,3,5,0
31,446,7,3,159,4,4,327,7547,4,3,7,0
32,961,2,4,464,1,4,470,5055,7,2,7,0
28,961,2,4,464,1,4,673,3464,5,2,3,1
30,961,28,2,464,4,4,673,5775,1,3,10,0
31,961,7,2,606,3,3,673,8943,1,3,10,0
39,961,7,2,464,3,4,673,19272,1,3,21,0
39,446,3,2,464,4,3,673,5238,4,2,1,1
33,446,10,3,159,2,4,470,4682,3,2,7,0
47,961,5,5,606,4,3,673,18300,4,3,3,0
43,961,10,4,606,3,3,327,5257,1,4,9,0
27,446,1,1,159,3,2,673,6349,0,3,5,0
54,961,20,4,606,4,3,470,4869,3,2,4,0
43,961,7,3,606,3,1,673,9985,8,2,1,0
45,961,8,4,82,4,4,673,3697,9,3,10,0
40,446,1,2,464,2,4,673,7457,2,2,4,0
29,961,8,4,82,2,1,673,2119,1,2,7,1
29,961,9,5,82,2,4,470,3983,0,3,3,0
30,446,5,3,159,4,3,327,6118,1,3,10,0
27,446,8,4,159,2,2,673,6214,1,3,8,0
37,961,5,2,464,4,4,327,6347,7,2,6,0
38,961,15,2,606,3,4,327,11510,0,3,11,0
31,961,7,4,464,3,4,470,7143,1,2,11,0
29,446,10,1,159,4,2,327,8268,1,3,7,0
35,961,5,4,132,3,2,470,8095,0,3,16,0
23,961,26,1,606,3,4,327,2904,1,2,4,0
41,961,6,3,464,4,2,470,6032,6,3,5,0
47,446,4,1,464,2,3,470,2976,3,3,0,0
42,961,23,5,606,1,4,470,15992,2,3,1,0
29,446,2,3,606,4,3,673,4649,1,2,4,0
42,63,2,1,132,3,3,327,2696,0,3,3,0
32,961,2,3,464,3,2,673,2370,1,3,8,0
48,446,29,1,464,1,3,673,12504,3,1,0,0
37,961,6,3,464,3,1,327,5974,4,3,7,0
30,446,25,2,132,4,3,673,4736,7,4,2,0
26,446,1,3,606,3,3,673,5296,1,3,8,0
42,961,2,4,82,1,4,470,6781,3,3,1,0
21,446,1,1,132,1,2,470,2174,1,3,3,1
36,446,1,5,464,4,4,470,6653,4,3,1,0
36,446,3,4,464,1,4,673,9699,4,3,13,0
57,961,1,4,464,4,3,673,6755,2,3,3,0
40,961,10,4,606,4,3,673,2213,3,3,7,0
21,446,9,2,464,1,4,470,2610,1,2,3,0
33,446,5,3,159,4,3,470,2851,1,3,1,1
37,961,10,3,464,3,1,673,3452,6,3,5,0
46,961,7,4,464,3,3,673,5258,2,4,1,0
41,446,4,3,159,1,2,470,9355,1,3,8,1
50,961,10,3,132,4,4,470,10496,6,3,4,0
40,446,22,2,159,3,3,673,6380,2,3,6,1
31,961,9,4,606,3,2,470,2657,0,3,2,0
21,446,12,3,606,3,2,470,2716,1,3,1,1
29,961,23,3,606,4,4,470,2201,9,3,3,0
35,961,9,4,606,3,2,470,6540,9,3,1,0
27,961,1,2,464,4,2,327,3816,1,3,5,0
28,446,9,4,606,2,4,470,5253,1,3,7,0
49,961,7,3,82,2,3,470,10965,8,3,5,0
51,446,14,2,606,3,4,673,4936,4,2,7,0
36,961,2,3,606,4,3,673,2543,4,3,2,0
34,446,19,3,159,1,4,470,5304,8,2,5,1
55,961,2,3,606,3,4,470,16659,2,3,5,0
24,446,10,4,159,4,3,327,4260,1,4,5,0
30,446,2,1,132,3,2,673,2476,1,3,1,0
26,961,3,1,132,3,1,470,3102,0,3,6,1
22,961,11,3,464,1,2,673,2244,1,3,2,0
36,446,2,2,464,2,3,673,7596,1,3,10,0
30,961,4,3,132,3,4,470,2285,9,3,1,1
37,961,14,3,606,4,1,327,3034,1,2,18,0
40,446,2,2,159,4,2,327,5715,7,3,5,0
42,961,1,4,606,2,1,327,2576,3,3,5,0
37,961,10,4,606,3,2,470,4197,2,2,1,0
43,961,12,3,606,1,2,327,14336,1,3,25,0
40,961,2,3,464,2,3,673,3448,6,3,1,0
54,961,5,2,464,1,1,673,19406,4,2,4,0
34,446,4,4,159,3,3,673,6538,9,3,3,0
31,961,7,2,464,2,1,673,4306,1,1,13,0
43,961,21,3,464,4,4,673,2258,7,3,3,0
43,961,8,4,82,3,3,327,4522,4,3,5,0
25,446,4,2,606,2,4,470,4487,1,3,5,0
37,961,25,5,464,2,3,673,4449,3,3,13,0
31,961,1,2,606,4,1,673,2218,1,3,4,0
39,961,1,1,606,2,3,327,19197,1,3,21,0
56,446,6,3,606,3,1,673,13212,9,2,7,0
30,446,12,3,132,2,3,470,6577,0,3,5,0
41,446,1,3,159,2,1,673,8392,1,3,10,0
28,961,17,2,464,3,1,327,4558,1,3,10,0
25,961,3,3,464,1,1,673,4031,5,3,2,1
52,961,3,3,464,4,3,673,7969,2,3,5,0
45,961,10,2,606,1,4,673,2654,3,2,2,0
52,961,4,2,606,4,4,673,16555,2,1,5,0
42,961,29,2,606,1,3,327,4556,2,3,5,0
30,961,2,3,606,3,4,470,6091,2,3,5,0
60,961,7,3,606,1,1,673,19566,5,1,29,0
46,961,18,3,464,3,3,327,4810,2,2,10,0
42,961,28,4,132,4,4,673,4523,0,4,6,0
24,446,1,1,132,1,2,470,3202,1,3,5,1
34,446,6,2,159,4,3,327,2351,0,2,2,1
38,961,2,2,606,4,4,673,1702,1,3,1,0
40,446,2,4,606,3,3,673,18041,0,3,20,0
26,961,23,3,606,1,4,327,2886,1,1,3,0
30,961,3,3,606,3,4,673,2097,4,1,5,0
29,961,3,4,464,2,3,673,11935,1,3,10,0
29,961,25,5,132,3,2,673,2546,5,4,2,1
19,63,2,2,132,1,4,470,2564,1,4,1,1
30,446,22,4,82,3,1,673,8412,0,3,9,0
57,446,29,3,159,1,4,327,14118,3,2,1,0
50,961,29,4,606,2,3,673,17046,0,3,27,0
30,961,2,3,464,3,4,470,2564,0,2,11,0
60,446,28,3,159,3,1,673,10266,4,4,18,0
47,961,2,2,464,1,4,327,5070,5,3,5,0
46,961,2,3,606,1,3,673,17861,6,1,3,0
35,961,22,3,606,4,3,470,4230,0,3,5,0
54,961,8,4,606,3,3,470,3780,7,3,1,0
34,961,2,4,606,4,3,327,2768,3,3,7,0
46,446,10,3,159,3,4,673,9071,2,3,3,0
31,961,9,1,606,3,2,327,10648,1,4,13,0
33,961,15,1,464,2,3,673,13610,7,4,7,1
33,961,10,1,464,1,4,327,3408,7,3,4,1
30,446,7,1,159,4,2,470,2983,0,3,3,0
35,961,16,3,606,4,3,673,7632,4,3,8,0
31,961,20,3,606,1,3,673,9824,3,3,1,1
34,63,23,3,27,2,1,327,9950,9,3,3,1
42,961,5,2,82,2,3,673,2093,4,3,2,0
36,446,10,4,464,2,4,470,9980,1,2,10,0
22,961,4,1,132,3,3,470,3894,5,3,2,1
48,446,2,5,159,2,4,673,4051,2,3,9,0
55,446,18,5,606,1,2,470,16835,3,3,10,0
41,446,10,2,606,4,4,470,6230,7,3,14,0
35,446,1,3,159,2,3,673,4717,9,3,11,0
40,961,6,3,606,2,3,470,13237,7,3,20,0
39,961,8,1,606,3,3,673,3755,1,3,8,0
31,446,2,1,606,2,4,470,6582,4,4,6,0
42,961,24,3,464,4,1,673,7406,1,2,10,0
45,446,2,3,82,4,2,673,4805,0,4,8,0
26,63,17,4,606,2,3,327,2741,0,2,7,1
29,961,19,3,132,4,4,327,4262,4,4,3,0
33,961,1,5,464,1,3,327,16184,4,3,6,0
31,446,7,3,606,3,4,327,11557,9,2,5,0
18,446,5,3,159,2,2,470,1878,1,3,0,1
40,446,28,3,82,3,1,327,10932,3,3,1,0
41,961,2,4,82,1,3,470,6811,2,3,8,0
26,446,29,2,464,1,3,327,4306,5,3,0,0
35,446,1,3,464,1,3,470,4859,1,3,5,0
34,446,21,4,606,4,4,470,5337,1,3,10,0
26,961,24,3,132,3,4,470,2340,1,1,1,1
37,961,1,3,132,2,4,470,7491,4,4,6,0
46,961,18,1,464,1,3,673,10527,5,2,2,0
41,446,2,5,606,2,1,673,16595,7,3,18,0
37,446,9,4,464,1,2,327,8834,1,3,9,0
52,961,6,2,132,4,1,327,5577,3,3,10,0
32,446,11,4,82,4,3,673,4707,8,3,4,1
24,446,24,3,464,4,4,673,2400,0,3,2,0
38,961,10,3,464,3,3,673,9824,3,3,1,0
37,961,1,4,606,2,2,673,6447,6,2,6,0
49,961,18,4,606,4,3,327,19502,1,3,31,0
24,961,23,3,464,2,4,673,2725,1,3,6,0
26,446,28,2,159,1,2,673,6272,1,4,5,0
24,961,17,2,82,4,2,673,2127,1,3,1,0
50,63,3,3,464,1,2,673,18200,1,3,32,0
25,446,13,1,464,2,3,673,2096,1,3,7,0
24,961,7,3,606,1,3,673,2886,1,3,6,1
30,446,12,4,606,2,1,673,2033,1,4,1,1
34,961,1,2,606,2,4,673,3622,1,3,6,0
31,446,13,4,464,2,1,327,4233,2,1,3,1
35,961,25,2,82,1,4,470,3681,4,3,3,0
31,446,6,4,464,1,4,327,5460,4,4,7,0
27,961,6,4,464,1,3,327,2187,0,2,5,0
37,446,2,3,159,4,3,673,9602,4,2,3,0
20,961,1,3,606,4,2,470,2836,1,4,1,0
42,961,2,4,606,3,4,673,4089,1,3,10,0
43,961,6,4,82,2,4,327,16627,4,2,1,0
38,961,1,1,606,3,1,470,2619,3,2,0,0
43,961,9,5,464,4,3,327,5679,3,3,8,0
48,961,1,4,606,4,1,673,15402,7,1,3,0
44,63,1,4,606,1,3,470,5985,4,4,2,0
34,446,14,3,132,3,3,327,2579,1,3,8,0
27,446,2,1,159,3,1,327,3041,0,3,4,1
21,446,22,1,132,3,3,470,3447,1,3,3,0
44,961,3,4,82,4,4,673,19513,4,4,2,0
22,961,6,1,464,1,3,673,2773,0,3,2,0
33,446,8,4,159,3,3,327,7104,0,3,5,0
32,961,9,4,606,1,4,673,6322,1,2,6,0
30,961,3,3,464,3,3,327,2083,1,3,1,0
53,446,1,1,464,4,1,470,8381,7,4,14,0
34,961,1,5,606,2,4,673,2691,1,2,10,0
45,446,26,4,606,1,1,673,4286,2,3,1,1
26,961,6,3,606,3,4,673,2659,1,3,3,0
37,961,3,3,82,3,3,673,9434,1,3,10,0
29,446,3,2,464,2,3,673,5561,1,2,6,0
35,961,6,4,606,2,4,470,6646,1,3,17,0
33,961,6,3,606,3,4,327,7725,3,1,13,0
54,63,19,4,464,3,2,673,10725,2,4,9,0
36,961,9,2,464,2,2,327,8847,2,3,3,0
27,961,3,4,464,1,4,470,2045,0,3,4,0
20,961,10,1,464,4,3,470,1009,1,3,1,1
33,961,3,3,606,1,1,470,3348,1,3,10,1
35,961,3,3,606,3,3,673,1281,1,3,1,0
23,961,4,3,464,1,1,673,2819,2,4,3,0
25,446,8,3,606,4,2,673,4851,0,3,3,0
38,446,7,4,159,4,4,470,4028,0,3,7,0
29,961,1,4,606,2,4,327,2720,1,3,10,0
48,446,2,1,159,2,2,673,8120,3,3,2,0
27,446,3,1,464,4,4,327,4647,1,3,6,0
37,961,10,2,606,4,4,470,4680,3,3,1,0
50,961,28,1,464,4,3,673,3221,1,3,20,0
34,961,9,3,464,4,2,470,8621,1,4,8,0
24,446,3,2,606,1,3,470,4577,9,3,2,1
39,961,2,4,132,4,3,470,4553,1,3,20,0
32,446,10,3,159,4,4,470,5396,1,2,10,0
50,446,8,2,132,2,3,673,6796,3,3,4,1
38,961,1,4,606,2,4,470,7625,0,2,9,0
27,961,1,2,606,3,1,673,7412,1,3,9,0
32,961,3,2,606,3,4,470,11159,3,3,7,0
47,446,14,4,159,4,1,470,4960,2,3,7,0
40,446,5,4,606,4,1,673,10475,5,3,18,0
53,961,7,3,606,3,3,673,14814,3,3,5,0
41,63,10,4,27,2,4,327,19141,3,2,21,0
60,446,16,4,159,1,1,470,5405,8,3,2,0
27,961,10,2,606,4,1,327,8793,1,2,9,0
41,63,1,3,27,4,3,673,19189,1,3,22,0
50,446,8,4,159,4,2,673,3875,7,3,2,0
28,961,1,2,606,1,2,470,2216,7,3,7,1
36,961,8,3,606,1,1,673,11713,9,3,8,0
38,961,1,3,606,3,3,470,7861,4,4,1,0
44,961,24,3,464,1,3,470,3708,2,3,5,0
47,446,3,3,464,4,3,327,13770,9,2,22,0
30,446,27,5,159,3,4,327,5304,7,2,8,0
29,446,10,3,606,3,3,470,2642,1,3,1,0
42,961,19,3,464,3,3,327,2759,6,3,2,1
43,446,15,3,606,4,4,673,6804,3,3,2,0
34,961,8,2,464,2,3,470,6142,3,3,5,0
23,961,9,1,464,2,1,673,2500,1,4,4,0
39,63,3,3,27,3,2,673,6389,9,1,8,0
56,961,9,3,464,3,4,673,11103,7,2,10,0
40,961,2,1,464,4,4,470,2342,0,2,4,0
27,961,7,3,464,4,1,470,6811,8,1,7,0
29,446,10,3,159,4,2,327,2297,1,3,2,0
53,961,6,3,606,4,4,470,2450,2,3,2,0
35,961,2,4,606,4,1,327,5093,2,4,1,0
32,961,24,4,606,1,4,673,5309,1,3,10,0
38,961,2,5,464,4,3,673,3057,6,1,1,0
34,961,8,5,606,2,1,327,5121,3,3,0,0
52,446,3,4,159,3,1,673,16856,1,4,34,0
33,961,1,4,82,4,4,470,2686,1,2,10,1
25,446,26,1,464,3,4,470,6180,1,2,6,0
45,446,2,2,132,2,3,470,6632,0,3,8,0
23,961,10,1,464,1,3,470,3505,1,3,2,0
47,446,27,2,606,2,3,470,6397,4,3,5,1
34,446,2,3,82,4,4,470,6274,1,3,6,0
55,961,2,3,464,4,1,673,19859,5,3,5,1
36,446,8,4,606,1,1,470,7587,1,3,10,0
52,961,19,4,464,4,4,673,4258,0,3,4,0
26,961,1,2,606,1,4,327,4364,3,3,2,0
29,961,27,3,464,2,3,673,4335,4,2,8,0
26,446,8,3,132,4,1,470,5326,6,2,4,1
34,961,1,4,606,2,4,470,3280,2,3,4,0
54,961,19,4,464,4,1,327,5485,9,3,5,0
27,446,8,1,159,3,4,673,4342,0,3,4,0
37,961,10,1,606,4,1,327,2782,0,2,5,0
38,961,2,4,606,1,1,470,5980,6,3,15,0
34,961,2,4,464,3,1,470,4381,1,3,6,0
35,446,8,4,606,1,4,673,2572,1,2,3,0
30,961,1,3,606,4,3,673,3833,3,3,2,0
40,961,2,2,464,3,2,673,4244,1,3,8,0
34,446,8,2,606,3,1,673,6500,5,3,3,0
42,961,8,3,606,2,4,327,18430,1,2,24,0
23,961,6,3,606,3,1,673,1601,1,3,0,1
24,961,9,3,606,3,2,327,2694,1,3,1,0
52,961,11,4,606,4,3,673,3149,8,3,5,0
50,961,2,3,464,3,3,673,17639,5,3,4,0
29,961,1,2,606,2,1,673,2319,1,3,1,1
33,961,7,3,464,3,3,673,11691,0,4,13,0
33,446,16,3,159,1,1,470,5324,5,3,3,1
47,961,2,2,82,3,4,673,16752,1,2,26,0
36,961,1,3,82,3,2,673,5228,0,3,9,0
29,961,23,2,606,3,3,673,2700,1,3,10,0
58,961,2,4,606,4,2,470,19246,7,3,31,1
35,961,1,4,606,4,3,470,2506,3,3,2,0
42,961,1,2,606,4,4,673,6062,9,3,4,0
28,961,2,4,464,3,3,470,4382,6,2,2,1
36,63,13,3,27,3,2,673,2143,4,3,5,0
32,961,4,3,606,3,3,673,6162,1,3,14,0
40,961,16,4,464,1,3,470,5094,6,3,1,0
30,961,2,3,464,3,4,470,6877,5,2,0,0
45,961,2,3,606,2,3,470,2274,1,3,1,0
42,961,29,3,606,2,2,673,4434,1,2,9,0
38,961,12,3,606,1,1,327,6288,2,2,4,0
34,961,16,4,606,3,4,470,2553,1,3,5,0
49,446,11,3,159,3,4,673,7654,1,4,9,1
55,446,2,1,464,3,4,470,5160,4,2,9,1
43,961,14,2,606,2,1,673,17159,6,3,4,0
27,961,5,1,132,3,4,327,12808,1,3,9,0
35,961,7,3,82,3,3,470,10221,3,4,8,0
28,446,2,4,159,2,2,673,4779,1,3,8,0
34,63,3,2,27,3,4,673,3737,0,1,3,0
26,961,5,2,464,3,3,673,2366,1,3,8,1
27,961,3,3,464,4,4,673,1706,1,2,0,0
51,446,26,4,159,1,3,673,16307,2,2,20,0
44,961,4,3,464,4,2,470,5933,9,2,5,0
25,961,2,1,464,1,1,470,3424,7,2,4,0
33,446,1,3,464,1,1,327,4037,1,3,9,0
35,961,27,1,464,3,1,470,2559,1,2,6,0
36,446,1,2,606,2,4,673,6201,1,2,18,0
32,446,13,4,606,2,4,327,4403,2,2,5,0
30,961,5,4,606,2,4,327,3761,9,2,5,0
53,446,7,2,159,1,4,673,10934,7,3,5,0
45,446,9,3,159,4,1,327,10761,4,3,5,0
32,961,8,2,464,3,3,673,5175,5,2,5,0
52,961,25,4,464,3,4,673,13826,3,3,9,0
37,446,16,4,159,4,3,327,6334,4,3,1,0
28,63,8,2,464,2,4,327,4936,1,3,5,0
22,961,1,2,606,4,4,673,4775,6,1,2,0
44,961,8,4,606,1,4,673,2818,2,2,3,0
42,961,2,1,464,2,4,470,2515,5,3,2,0
36,63,8,3,606,1,1,673,2342,0,3,5,0
25,446,3,1,82,3,1,673,4194,1,3,5,0
35,961,9,3,606,4,3,673,10685,1,3,17,0
35,961,25,4,606,4,2,327,2022,1,2,10,1
32,961,1,3,606,4,4,327,2314,0,3,3,0
25,446,4,1,159,3,1,673,4256,1,4,5,0
49,961,1,3,132,3,1,673,3580,2,3,4,0
24,961,4,1,606,1,4,673,3162,0,2,5,0
32,446,5,2,606,2,2,673,6524,1,3,10,0
38,446,9,3,159,2,2,673,2899,0,3,2,0
42,961,3,3,606,3,4,673,5231,2,2,5,0
31,961,11,4,606,4,4,673,2356,3,3,6,0
29,446,1,3,464,2,3,327,2800,6,3,3,1
53,446,8,3,159,1,4,673,11836,5,3,2,0
35,961,25,3,132,4,2,673,10903,3,3,13,0
37,446,21,2,464,3,4,673,2973,5,3,5,0
53,961,23,4,606,4,4,470,14275,6,3,12,0
43,961,1,3,606,4,4,673,5562,4,2,5,0
47,446,2,2,159,3,4,673,4537,0,3,7,0
37,446,19,2,464,1,2,470,7642,1,3,10,0
50,961,2,4,606,1,1,327,17924,1,3,31,0
39,63,2,3,606,4,4,673,5204,8,3,5,0
33,63,3,2,27,4,2,327,2277,3,4,4,0
32,961,25,4,606,1,4,470,2795,1,1,1,1
29,961,7,1,464,1,4,327,2532,6,3,4,0
44,961,9,2,606,2,1,673,2559,1,3,8,0
28,446,5,4,464,1,4,470,4908,1,3,4,0
58,961,2,1,606,4,4,327,2380,9,2,1,1
43,961,8,3,606,1,2,327,4765,4,4,1,0
20,446,2,3,464,3,3,470,2044,1,2,2,1
21,961,18,1,82,4,4,470,2693,1,2,1,1
36,961,14,1,606,3,4,673,6586,0,2,16,0
47,446,2,4,606,4,4,470,3294,1,2,3,0
22,961,3,1,606,2,3,673,4171,0,4,3,1
41,961,2,4,606,2,4,327,2778,4,2,7,1
28,961,9,3,464,3,3,327,2377,5,3,2,0
39,961,6,3,464,4,1,673,2404,7,1,2,1
27,961,4,3,606,2,3,470,2318,1,3,1,0
34,961,10,3,606,2,2,327,2008,1,3,1,0
42,446,14,2,464,3,3,470,6244,7,3,5,0
33,961,1,4,82,3,1,470,2799,3,3,3,0
58,961,5,3,132,3,2,327,10552,2,3,6,0
31,446,7,4,606,2,3,673,2329,3,4,7,0
35,961,21,1,606,4,4,673,4014,1,1,10,0
49,961,8,2,82,1,2,673,7403,4,2,26,0
48,961,20,4,464,4,3,673,2259,4,2,0,0
31,446,20,2,159,4,3,673,6932,1,2,9,0
36,961,7,4,82,2,4,470,4678,2,3,6,0
38,961,1,3,132,4,1,673,13582,1,3,15,0
32,961,1,3,606,3,2,673,2332,6,3,3,0
25,446,19,2,159,3,2,673,2413,1,3,1,1
40,446,10,4,159,1,2,327,9705,2,2,1,0
26,446,1,3,464,3,1,470,4294,1,3,7,0
41,961,6,3,464,4,1,470,4721,2,3,18,0
36,961,2,4,464,3,3,470,2519,4,3,11,0
19,446,21,3,82,4,2,470,2121,1,4,1,1
20,961,4,3,132,1,1,470,2973,1,3,1,1
31,961,12,3,464,4,4,673,5855,0,1,9,0
40,961,9,4,464,4,2,327,3617,8,3,1,0
32,961,3,4,464,3,1,673,6725,1,4,8,0
36,446,3,1,606,3,4,673,10325,1,3,16,1
33,961,1,3,606,2,4,470,6949,0,3,5,0
37,446,1,4,606,1,3,673,10609,5,1,14,1
45,961,4,2,606,3,2,673,4447,1,2,9,0
29,446,20,3,132,3,4,673,2157,1,3,3,0
35,446,18,3,464,3,3,673,4601,1,3,5,0
52,961,1,2,606,4,4,673,17099,2,2,9,0
58,961,2,3,132,4,3,470,2479,4,3,1,1
53,446,2,2,464,3,3,327,14852,6,4,17,0
30,446,8,2,82,3,3,327,7264,5,4,8,0
38,446,10,3,132,3,4,470,5666,1,3,5,0
35,446,3,4,606,4,4,327,7823,6,3,10,0
39,446,2,5,606,1,3,470,7880,0,3,8,0
40,446,24,3,606,2,2,470,13194,4,2,1,1
47,961,16,4,464,3,3,327,5067,1,4,19,0
36,446,8,4,132,1,4,327,5079,4,3,7,0
31,961,9,2,464,3,1,470,2321,0,3,3,1
33,446,17,3,606,4,3,470,17444,1,3,10,0
29,961,10,3,606,4,1,470,2404,6,3,0,1
33,961,13,1,606,2,4,470,3452,3,3,3,0
45,961,1,4,464,4,4,327,2270,3,3,5,0
50,961,1,2,464,4,4,327,17399,9,2,5,0
33,961,1,4,82,3,2,673,5488,1,3,6,0
41,961,9,3,464,1,3,327,19419,2,4,18,0
27,961,16,4,132,3,2,673,2811,9,3,2,0
45,961,23,2,606,4,1,673,3633,1,3,9,0
47,446,4,2,606,4,4,470,4163,1,3,9,0
30,961,22,3,606,1,3,673,2132,4,3,5,1
50,961,24,3,606,4,3,673,13973,3,3,12,0
38,961,10,1,464,3,3,673,2684,0,2,2,0
46,961,7,2,464,4,3,327,10845,6,3,8,0
24,961,17,1,464,4,3,327,4377,1,3,4,0
35,961,14,4,82,3,2,327,3743,1,1,4,1
31,961,1,1,606,3,1,673,4148,1,3,4,0
18,961,5,2,606,2,4,470,1051,1,3,0,0
54,961,17,3,132,3,3,673,10739,8,3,10,0
35,961,25,4,464,3,3,327,10388,1,2,16,0
30,961,8,2,606,2,1,673,11416,0,2,8,0
20,961,11,3,464,4,1,470,2600,1,3,1,1
30,961,5,3,464,2,2,470,2422,0,3,3,1
26,961,2,2,464,4,4,673,5472,1,3,8,0
22,961,8,1,606,2,1,673,2451,1,2,4,0
48,961,6,3,606,1,3,470,4240,2,3,2,0
48,961,4,4,606,3,3,470,10999,7,3,15,0
41,961,7,2,464,4,3,470,5003,6,3,2,0
39,961,1,1,606,4,4,673,12742,1,3,21,0
27,961,2,4,606,1,4,673,4227,0,3,3,0
35,961,10,3,82,2,4,327,3917,1,2,3,0
42,446,5,2,159,4,3,673,18303,6,4,1,0
50,961,9,3,606,1,4,673,2380,4,3,1,0
59,961,2,3,606,3,4,470,13726,3,3,5,0
37,961,11,2,464,1,2,673,4777,5,1,1,1
55,961,18,4,464,3,2,673,6385,3,3,8,0
41,961,7,1,606,2,3,327,19973,1,3,21,0
38,446,3,4,606,2,4,470,6861,8,3,1,0
26,446,29,2,464,2,1,470,4969,8,3,2,1
52,446,2,1,159,1,4,673,19845,1,3,32,1
44,446,28,3,464,4,4,673,13320,3,3,12,0
50,446,1,3,606,4,3,673,6347,0,3,18,0
36,961,16,4,606,3,1,470,2743,1,3,17,1
39,961,22,3,464,4,1,470,10880,1,3,21,0
33,446,8,1,606,2,4,470,2342,0,2,2,0
45,446,11,2,606,4,4,673,17650,3,4,9,0
32,961,29,4,464,4,3,470,4025,9,3,8,0
34,446,1,4,159,2,4,327,9725,0,2,15,0
59,446,1,2,132,2,4,673,11904,3,1,6,0
45,63,24,4,464,2,2,470,2177,1,3,6,0
53,446,2,3,159,3,2,673,7525,2,3,15,0
36,961,15,3,82,1,3,327,4834,7,2,1,1
26,961,2,3,606,1,1,673,2042,6,3,3,1
34,446,10,4,606,3,3,673,2220,1,3,1,0
28,446,10,1,464,4,2,673,1052,1,3,1,0
38,961,3,4,82,3,3,673,2821,3,3,2,0
50,961,2,4,464,2,3,673,19237,2,2,8,0
37,961,3,3,82,4,2,470,4107,3,2,4,0
40,446,26,3,159,3,1,673,8396,1,2,7,0
26,961,1,1,464,1,3,327,2007,1,3,5,0
46,961,1,4,464,4,4,327,19627,9,3,2,0
54,446,2,4,606,3,3,673,10686,6,3,9,0
56,961,9,3,464,1,3,673,2942,2,3,5,0
36,961,12,5,464,4,4,470,8858,0,2,14,0
55,961,2,1,464,3,1,470,16756,7,4,9,0
43,446,25,3,464,3,4,327,10798,5,3,1,0
20,446,9,3,159,4,4,470,2323,1,3,2,1
21,961,10,3,606,3,1,470,1416,1,2,1,1
46,961,8,4,606,4,1,327,4615,8,3,16,0
51,961,4,4,606,1,3,673,2461,9,4,10,1
28,961,24,2,132,2,1,470,8722,1,2,10,1
26,961,1,2,464,1,1,673,3955,1,3,5,0
30,961,20,3,82,3,1,673,9957,0,2,6,0
41,961,7,2,132,2,3,673,3376,1,3,10,0
38,961,17,1,606,3,3,673,8823,0,2,19,0
40,961,20,4,132,1,4,673,10322,4,3,11,0
27,961,8,5,606,1,3,673,4621,1,3,3,0
55,961,2,1,606,4,2,673,10976,3,3,3,0
28,961,10,3,82,3,3,470,3660,3,4,8,0
44,63,1,2,464,2,1,673,10482,9,3,20,1
33,961,5,3,606,4,4,327,7119,4,3,3,0
35,446,4,3,132,4,1,470,9582,0,3,8,1
33,961,29,4,464,1,3,470,4508,1,3,13,1
28,961,15,2,606,1,3,327,2207,1,2,4,0
34,961,3,1,606,1,4,470,7756,0,2,6,0
37,446,10,4,606,4,4,327,6694,2,3,1,0
25,961,4,1,132,4,4,673,3691,1,4,7,1
26,961,21,3,464,1,3,327,2377,1,2,1,1
33,961,25,3,464,1,2,470,2313,4,3,2,1
42,961,2,2,464,4,1,673,17665,0,3,22,0
28,961,1,3,464,1,2,327,2596,1,3,1,1
50,446,1,4,82,4,3,470,4728,3,3,0,1
33,446,7,3,606,4,2,673,4302,0,3,3,0
34,961,3,4,606,3,4,673,2979,3,3,0,0
48,961,1,4,464,1,4,470,16885,2,2,5,0
45,446,9,4,606,2,3,673,5593,1,3,15,0
52,961,7,4,606,2,2,470,10445,7,3,8,0
38,446,10,4,159,3,3,327,8740,0,3,8,0
29,961,28,4,606,3,4,327,2514,4,3,7,0
28,961,3,3,464,4,2,327,7655,0,2,9,0
46,446,3,1,159,1,3,673,17465,3,3,12,0
38,446,2,2,159,4,2,470,7351,7,3,1,0
43,961,27,3,606,3,1,673,10820,8,3,8,0
39,961,2,3,606,1,4,327,12169,7,3,18,1
40,961,14,3,464,3,3,470,19626,1,4,20,0
21,961,1,1,132,4,2,470,2070,1,4,2,0
39,961,9,3,606,3,2,470,6782,9,2,5,0
36,961,18,4,606,1,4,470,7779,2,3,11,0
31,446,20,3,606,3,4,673,2791,0,3,2,0
28,961,2,1,606,1,2,673,3201,0,1,5,0
35,446,11,2,159,4,4,327,4968,1,3,5,0
49,446,8,4,132,4,2,673,13120,6,3,9,0
34,961,2,2,606,4,3,470,4033,2,2,3,0
29,961,10,3,606,4,2,327,3291,0,2,7,0
42,961,29,3,464,2,4,470,4272,4,3,1,0
29,961,8,1,464,2,4,673,5056,1,2,10,0
38,63,1,3,27,3,3,673,2844,1,4,7,0
28,961,6,3,606,3,3,327,2703,1,3,3,0
18,961,8,1,464,3,3,470,1904,1,3,0,1
33,446,9,4,159,1,1,470,8224,0,3,5,1
41,961,12,4,606,2,4,673,4766,3,3,1,0
31,961,15,3,464,3,3,673,2610,1,2,2,1
37,961,25,2,464,3,4,327,5731,7,3,6,0
27,961,6,3,606,4,3,673,2539,1,3,4,0
34,446,9,1,606,2,3,673,5714,1,2,6,0
35,63,8,4,132,3,3,470,4323,1,1,5,0
29,446,23,1,606,4,1,673,7336,1,1,11,1
40,961,9,4,464,2,3,470,13499,9,2,18,0
42,446,12,3,606,3,1,470,13758,0,2,21,1
42,446,4,4,159,2,1,470,5155,7,4,6,0
35,961,1,4,464,4,3,673,2258,6,3,8,0
24,961,24,3,464,4,2,470,3597,8,3,4,0
28,961,12,1,606,3,4,673,2515,1,2,1,1
26,961,3,4,464,1,4,673,4420,1,3,8,0
30,446,10,3,159,3,3,673,6578,1,3,10,0
40,961,26,2,464,3,4,673,4422,3,1,1,0
35,961,2,3,606,3,2,327,10274,2,4,7,0
34,961,1,3,464,4,1,470,5343,0,3,13,0
35,961,4,4,82,4,4,673,2376,1,4,2,0
43,446,9,3,159,1,3,470,5346,8,2,4,1
32,446,2,1,606,3,1,327,2827,1,3,1,0
56,961,4,4,132,4,1,327,19943,4,3,5,0
29,961,6,1,464,2,4,673,3131,1,3,10,0
19,961,9,2,606,3,1,470,2552,1,3,1,0
45,961,7,3,464,1,3,673,4477,4,2,3,0
37,961,1,3,606,4,4,673,6474,1,2,14,0
20,961,3,3,606,1,3,470,3033,1,2,2,0
44,961,10,4,606,3,3,470,2936,1,3,6,1
53,961,7,2,464,4,3,327,18606,3,3,7,0
29,961,15,1,606,2,4,673,2168,0,2,5,0
22,961,3,4,606,3,4,673,2853,0,3,0,1
46,446,2,3,159,3,1,673,17048,8,3,26,0
44,961,17,3,606,4,3,470,2290,2,3,0,0
33,63,2,3,27,2,3,673,3600,1,3,5,0
41,961,5,2,606,1,1,327,2107,6,1,1,1
30,446,29,4,606,3,1,327,4115,8,3,4,0
40,446,2,4,464,2,2,673,4327,5,3,0,0
50,961,2,3,464,4,1,673,17856,2,3,2,0
28,961,19,4,464,4,1,673,3196,1,3,6,0
46,961,15,2,606,4,2,673,19081,5,3,4,0
35,446,17,4,606,3,1,673,8966,3,3,7,0
24,961,17,2,606,4,2,673,2210,1,1,1,1
33,446,25,3,464,2,3,673,4539,1,2,10,0
36,961,6,4,606,3,3,327,2741,1,3,7,0
30,961,7,4,606,3,3,327,3491,1,2,10,0
44,961,29,4,82,4,4,470,4541,1,3,20,0
20,446,21,3,159,3,4,470,2678,1,3,2,0
46,961,2,4,132,4,4,327,7379,2,2,6,0
42,63,2,5,464,4,1,673,6272,7,4,4,0
60,446,7,4,159,2,4,327,5220,0,3,11,0
32,961,13,3,82,3,2,673,2743,1,3,2,0
32,961,2,2,606,4,3,470,4998,4,3,8,0
36,961,1,3,132,3,1,327,10252,2,3,7,0
33,961,9,3,464,1,4,673,2781,0,3,14,0
40,446,10,3,132,2,2,327,6852,7,4,5,0
25,446,10,4,606,3,4,470,4950,0,3,4,0
30,961,1,3,464,4,2,673,3579,0,3,11,0
42,961,26,5,464,1,1,673,13191,3,3,1,0
35,446,8,2,159,3,4,673,10377,4,2,13,0
27,961,14,3,606,1,1,673,2235,1,2,9,0
54,961,1,4,606,4,3,327,10502,7,1,5,0
44,961,2,1,606,1,4,673,2011,1,3,10,0
19,961,10,3,464,1,2,470,1859,1,4,1,1
29,961,1,3,606,1,4,327,3760,1,3,3,0
54,961,3,3,606,4,4,673,17779,3,3,10,0
31,961,11,2,464,3,1,673,6833,1,2,6,0
31,961,24,3,464,3,1,470,6812,1,3,10,0
59,446,3,3,606,3,4,470,5171,5,3,6,0
43,961,3,3,606,3,4,673,19740,3,3,8,0
49,961,4,2,464,1,3,673,18711,2,4,1,0
36,961,3,3,132,3,2,673,3692,1,2,11,0
48,961,2,2,132,4,2,470,2559,5,2,1,0
27,961,4,2,606,1,3,327,2517,1,3,5,0
29,961,7,3,606,3,4,327,6623,1,3,6,0
48,961,1,3,606,4,4,470,18265,6,4,1,0
29,961,1,3,606,4,4,327,16124,3,2,7,0
34,961,20,3,132,3,3,673,2585,0,2,1,0
44,446,5,3,159,2,2,673,18213,7,3,22,0
33,446,10,5,159,4,3,327,8380,0,3,9,0
19,961,25,3,606,2,4,470,2994,1,3,1,0
23,961,1,2,606,4,3,673,1223,1,3,1,0
25,446,24,1,606,3,4,470,1118,1,3,1,1
26,961,4,2,606,3,4,470,2875,1,2,8,0
45,446,2,3,159,1,2,470,18824,2,3,24,1
55,961,8,1,464,4,2,327,13577,1,3,33,0
21,961,10,2,606,1,3,470,2625,1,1,2,1
46,446,4,2,159,4,2,673,18789,2,3,11,0
34,446,2,3,159,3,1,470,4538,0,3,3,0
51,446,9,3,606,4,2,327,19847,4,2,29,0
59,961,18,4,464,4,4,470,10512,6,2,9,0
34,961,19,3,464,3,2,327,4444,4,4,11,0
28,961,1,4,464,4,3,470,2154,0,2,4,0
44,961,4,2,606,3,1,327,19190,1,2,25,0
34,63,11,3,606,3,2,673,4490,4,4,10,0
35,961,6,1,606,3,3,673,3506,0,3,3,0
42,961,7,4,464,2,2,673,2372,6,3,1,0
43,446,4,4,159,4,4,470,10231,3,4,21,0
36,961,2,4,606,3,2,470,5410,9,3,16,0
44,961,15,3,464,1,4,673,7978,1,3,10,1
28,961,2,3,606,4,4,673,3867,1,3,2,0
51,961,6,2,464,2,3,470,2838,0,2,7,0
30,961,9,2,464,3,3,470,4695,7,3,8,0
29,961,7,3,132,2,3,327,3339,3,3,7,1
28,961,1,3,132,4,1,470,2080,2,2,3,0
25,961,1,3,464,4,2,470,2096,1,2,2,0
32,446,8,3,464,3,4,673,6209,1,4,10,0
45,961,25,3,464,2,2,470,18061,3,3,0,0
39,961,13,4,464,3,2,327,17123,6,3,19,0
58,961,23,4,606,1,3,327,2372,1,3,2,0
32,961,7,2,606,4,3,673,4883,1,3,10,1
39,961,23,3,464,3,1,470,3904,0,3,5,1
30,961,6,3,132,1,4,673,4627,0,3,9,0
36,961,10,4,132,4,3,673,7094,3,3,7,0
46,63,1,2,606,4,1,470,3423,6,4,7,0
28,961,1,3,606,3,4,673,6674,0,3,9,0
50,961,28,3,606,4,1,673,16880,4,3,3,0
40,446,25,4,159,4,2,470,9094,2,3,5,1
52,446,5,3,606,2,2,470,8446,9,2,8,1
30,961,17,4,464,2,1,673,11916,1,3,9,0
39,961,18,2,606,1,3,470,4534,0,3,8,0
31,446,2,4,606,4,3,327,9852,1,2,10,0
41,446,10,2,464,3,2,470,6151,1,3,19,0
31,446,1,3,606,4,2,470,2302,1,4,3,1
44,961,3,3,606,1,1,673,2362,4,4,3,1
42,961,2,1,606,3,3,673,17861,0,2,20,0
55,961,2,2,464,4,3,673,19187,4,3,19,0
56,63,8,4,606,4,2,470,19717,6,3,7,0
40,961,16,2,606,3,3,327,3544,9,3,4,0
34,961,9,3,606,4,4,327,8500,0,2,9,0
40,961,2,3,606,3,4,470,4661,1,3,9,0
41,446,1,3,159,3,1,327,4103,0,3,9,0
35,961,4,4,606,3,3,470,4249,1,3,9,0
51,63,5,3,606,3,2,327,14026,1,3,33,0
38,446,2,2,606,2,1,327,6893,3,3,7,0
34,446,15,2,464,3,1,470,6125,1,4,10,0
25,961,19,1,464,4,4,673,3669,3,2,3,0
58,961,7,4,464,3,1,673,10008,7,2,10,1
40,961,1,4,606,2,2,673,2387,3,3,4,0
36,446,7,3,159,1,1,673,4639,2,2,15,0
48,961,4,3,606,4,4,470,7898,1,3,10,0
27,446,11,3,464,3,4,673,2534,8,3,1,0
51,961,11,2,132,4,2,470,13142,3,2,5,0
18,961,1,3,606,4,4,470,1611,1,4,0,0
35,961,1,3,464,4,4,673,5363,0,3,9,0
27,446,2,1,606,4,4,470,5071,3,3,6,0
55,446,13,4,159,1,3,470,13695,6,2,19,1
56,961,23,3,606,4,2,673,13402,4,3,19,0
34,961,26,1,132,1,3,327,2029,1,3,5,0
40,961,2,1,464,2,3,327,6377,5,3,12,0
34,961,29,3,464,2,3,673,5429,4,3,8,0
31,446,2,3,606,3,4,470,2785,7,4,1,1
35,446,18,4,159,4,3,673,4614,0,2,4,1
38,961,7,3,606,4,3,327,2610,1,3,4,0
34,961,2,4,132,3,4,470,6687,1,4,14,0
28,446,26,3,606,3,1,673,4724,1,3,5,0
31,961,22,4,464,4,3,673,6179,1,2,10,1
39,446,21,4,606,1,4,673,6120,3,4,5,0
51,446,2,3,159,2,2,673,10596,2,3,4,0
41,961,22,3,606,4,4,327,5467,3,2,6,0
37,961,4,1,606,3,3,673,2996,7,3,6,0
33,446,5,1,606,2,4,673,9998,6,4,5,0
32,446,2,1,159,3,2,673,4078,0,2,3,0
39,961,25,2,606,3,3,673,10920,3,3,6,0
25,446,18,1,606,1,3,673,6232,2,2,3,0
52,961,28,2,464,4,3,673,13247,2,2,5,0
43,961,6,3,464,1,3,470,4081,1,1,20,0
27,446,10,3,159,4,4,673,5769,1,3,6,0
27,961,17,4,606,4,3,470,2394,1,3,8,1
26,961,2,1,464,1,4,470,3904,0,3,4,0
42,63,10,3,27,3,1,673,16799,0,3,20,0
52,961,8,4,82,3,1,673,2950,9,1,5,0
37,961,11,3,464,1,3,470,3629,4,3,3,0
35,961,18,2,606,3,4,470,9362,2,3,2,0
25,961,1,3,132,1,4,673,3229,4,2,3,0
26,961,7,3,82,3,1,470,3578,0,3,7,0
29,63,17,3,82,2,1,470,7988,1,2,10,0
49,961,28,2,606,1,1,470,4284,3,3,4,1
29,961,14,1,82,3,4,470,7553,0,3,8,1
54,961,1,3,464,4,4,470,17328,6,2,20,0
58,961,1,3,464,4,1,673,19701,3,3,9,0
55,961,1,4,464,2,4,327,14732,2,4,7,0
36,446,3,4,159,1,2,470,9278,3,3,5,0
31,446,1,4,606,2,3,470,1359,1,3,1,1
30,446,7,4,159,4,1,327,4779,7,3,3,0
31,961,8,5,606,1,2,470,16422,3,4,3,0
34,961,1,4,82,4,1,327,2996,5,3,4,0
31,961,8,3,606,1,2,470,1261,1,4,1,1
27,961,11,1,606,2,1,673,2099,0,4,5,0
36,961,4,4,606,1,4,470,5810,1,2,10,0
36,446,16,4,159,3,1,673,5647,4,2,3,0
47,961,1,3,132,1,4,673,3420,7,2,6,0
25,446,9,2,606,1,1,673,4400,3,3,3,1
37,961,5,2,132,3,3,470,3500,0,1,6,0
56,961,1,2,606,1,1,673,2066,2,4,3,0
47,961,2,4,464,1,3,673,17169,3,4,20,0
24,446,4,1,464,4,3,673,4162,1,3,5,0
32,446,7,5,159,4,4,673,9204,4,2,4,0
34,961,1,3,606,4,2,673,3294,5,2,5,0
41,961,5,5,464,2,3,673,2127,2,2,4,0
40,961,9,4,82,3,3,327,3975,3,4,8,0
31,446,8,2,606,1,4,327,10793,1,3,13,0
46,446,9,3,159,1,4,327,10096,4,4,7,1
39,961,2,3,606,1,1,470,3646,2,4,1,1
31,961,1,5,606,3,2,470,7446,1,3,10,1
45,961,20,3,464,2,1,327,10851,2,3,7,0
31,63,8,2,464,4,2,470,2109,9,3,3,0
31,961,2,3,606,2,4,673,3722,6,1,2,1
45,961,29,3,132,2,4,673,9380,4,4,3,0
48,446,7,3,159,3,1,327,5486,4,3,2,0
34,63,9,4,132,1,3,673,2742,1,3,2,1
40,961,8,1,464,4,2,327,13757,2,3,9,0
28,446,5,3,464,4,1,470,8463,0,3,5,0
44,961,5,3,606,3,3,470,3162,3,3,5,0
53,961,2,3,464,4,2,470,16598,4,2,9,0
49,961,5,4,132,1,3,673,6651,2,2,3,0
40,961,2,3,464,3,3,327,2345,2,4,3,0
44,961,20,3,606,4,2,470,3420,1,2,5,0
33,446,7,3,464,4,1,673,4373,0,3,4,0
34,446,3,3,82,4,1,470,4759,3,3,13,0
30,446,16,1,606,4,3,673,5301,8,2,2,0
42,961,9,2,464,1,4,470,3673,1,3,12,0
44,446,1,5,159,1,3,673,4768,7,2,1,0
30,961,7,3,132,3,3,327,1274,1,2,1,0
57,961,1,2,606,2,3,673,4900,0,2,12,0
49,961,7,4,606,3,2,327,10466,3,3,8,0
34,961,15,3,464,2,1,327,17007,7,2,14,0
28,446,1,3,132,1,3,673,2909,3,4,3,1
29,446,13,3,132,1,2,470,5765,5,1,5,1
34,446,24,4,464,1,2,470,4599,0,4,15,1
35,446,7,1,606,4,3,673,2404,1,3,1,0
24,961,9,3,464,2,1,470,3172,2,2,0,1
24,446,13,2,606,4,2,673,2033,1,3,1,0
44,961,2,1,464,2,3,470,10209,5,2,2,0
29,446,19,3,606,3,3,327,8620,1,3,10,0
30,63,1,3,606,3,3,327,2064,0,4,5,0
55,961,4,4,606,4,3,673,4035,0,3,3,0
33,961,4,4,464,1,2,673,3838,8,3,5,0
47,446,14,3,464,3,3,673,4591,3,2,5,0
28,961,2,2,464,3,1,470,2561,7,2,0,1
28,961,1,3,606,1,3,327,1563,1,1,1,0
28,446,7,3,606,3,1,470,4898,0,3,4,0
49,961,3,2,464,3,1,673,4789,4,3,3,0
29,961,2,1,606,4,2,673,3180,0,3,3,0
28,961,29,1,606,3,2,673,6549,1,2,8,0
33,961,8,5,606,4,3,470,6388,2,3,0,0
32,961,10,3,464,3,4,470,11244,2,4,5,0
54,961,11,4,464,2,4,327,16032,3,3,14,0
29,961,1,4,132,1,1,470,2362,6,1,9,1
44,961,28,3,606,4,1,673,16328,3,4,20,0
39,961,6,3,606,2,2,470,8376,4,3,2,0
46,446,3,3,606,3,2,673,16606,8,4,13,0
35,961,16,3,606,4,2,470,8606,1,1,11,0
23,961,20,1,606,1,3,470,2272,0,3,4,0
40,961,9,4,606,4,1,470,2018,3,1,5,1
34,446,1,3,132,4,3,673,7083,1,3,10,0
31,961,3,3,606,4,3,470,4084,1,1,7,1
50,961,22,5,464,3,4,470,14411,1,3,32,0
34,446,7,2,132,2,3,673,2308,0,3,11,0
42,961,2,3,464,3,2,673,4841,4,3,1,0
37,961,13,3,464,1,4,673,4285,1,3,10,0
29,961,8,1,82,3,1,673,9715,3,3,7,0
33,961,25,3,606,4,2,470,4320,1,3,5,0
45,961,28,3,132,4,4,673,2132,4,3,5,0
42,961,2,3,606,4,4,673,10124,2,1,20,0
40,446,9,2,464,1,1,673,5473,0,4,8,0
33,961,28,4,606,2,3,673,5207,1,3,15,0
40,63,6,2,464,3,4,470,16437,1,3,21,0
24,961,21,2,132,3,1,327,2296,0,3,1,0
40,961,8,2,606,4,4,327,4069,3,3,2,0
45,961,1,4,132,1,2,327,7441,1,3,10,0
35,446,28,4,606,2,3,673,2430,0,3,5,0
32,961,5,2,606,4,2,673,5878,3,3,7,0
36,446,2,4,606,3,4,470,2644,3,2,3,0
48,446,16,4,606,3,3,327,6439,8,3,8,0
29,961,9,3,606,3,3,673,2451,6,2,1,0
33,446,8,4,606,1,1,673,6392,2,1,2,0
30,446,1,3,606,2,1,673,9714,1,3,10,1
38,63,10,4,27,3,3,673,6077,3,3,6,0
35,961,1,3,464,4,1,470,2450,1,3,3,0
30,446,29,4,132,3,2,673,9250,3,3,4,0
35,961,2,3,606,1,1,327,2074,1,3,1,1
53,961,2,5,132,3,4,673,10169,0,3,33,1
38,961,2,3,464,3,2,673,4855,4,3,5,1
32,961,1,4,132,4,1,673,4087,4,2,6,0
48,961,15,4,82,3,1,673,2367,8,2,8,0
34,961,7,4,464,1,4,470,2972,1,1,1,0
55,446,26,5,159,3,4,673,19586,1,3,36,0
34,961,1,4,606,2,4,673,5484,9,2,2,0
26,961,3,3,606,1,4,673,2061,1,3,1,0
38,446,14,3,606,3,2,673,9924,0,3,9,0
38,446,16,3,606,2,2,470,4198,2,4,3,0
36,446,1,4,606,2,3,470,6815,6,3,1,0
29,961,3,1,464,2,1,470,4723,1,3,10,0
35,961,10,4,464,1,3,470,6142,3,3,5,0
39,446,6,3,464,4,3,673,8237,2,3,7,0
29,961,2,1,606,1,4,327,8853,1,4,6,0
50,446,9,3,159,3,3,673,19331,4,3,1,0
23,961,10,3,132,4,3,673,2073,2,3,2,0
36,961,6,4,606,1,1,673,5562,3,3,3,0
42,961,9,2,82,4,4,470,19613,8,3,1,0
35,961,28,3,606,2,3,673,3407,1,2,10,0
34,961,10,4,132,4,3,673,5063,1,2,8,0
40,446,14,2,606,4,1,673,4639,1,3,5,0
43,961,27,3,132,4,2,327,4876,5,3,6,0
35,961,7,2,606,3,4,673,2690,1,2,1,0
46,446,1,4,606,4,1,470,17567,1,1,26,0
28,961,24,3,464,3,2,673,2408,1,3,1,1
22,961,26,2,82,2,3,673,2814,1,2,4,0
50,961,20,5,464,2,3,673,11245,2,3,30,0
32,961,5,4,82,2,4,673,3312,3,3,3,0
44,961,7,3,464,2,4,327,19049,0,2,22,0
30,961,7,3,464,2,2,673,2141,1,2,6,0
45,961,5,5,464,3,1,470,5769,1,3,10,0
45,446,26,3,159,1,1,673,4385,1,3,10,0
31,446,2,4,82,4,1,470,5332,7,3,5,0
36,961,12,4,606,3,3,673,4663,9,3,3,0
34,961,10,4,606,3,4,327,4724,1,3,9,0
49,961,25,4,606,3,1,673,3211,1,2,9,0
39,961,10,5,464,2,1,673,5377,2,3,7,0
27,961,19,3,82,4,1,327,4066,1,3,7,0
35,961,18,5,606,2,1,673,5208,1,3,16,0
28,961,27,3,464,2,1,327,4877,0,2,5,0
21,961,5,1,464,3,4,470,3117,1,3,2,0
18,446,3,2,464,2,4,470,1569,1,4,0,1
47,63,26,4,606,4,3,673,19658,3,3,5,0
39,961,3,2,464,3,3,327,3069,0,3,10,0
40,961,15,3,606,1,3,673,10435,1,3,18,0
35,961,8,4,606,3,3,673,4148,1,3,14,0
37,961,19,3,606,3,3,673,5768,3,2,4,0
39,961,4,3,464,1,3,470,5042,0,1,9,0
45,961,2,2,82,4,4,327,5770,1,3,10,0
38,961,2,2,464,4,3,673,7756,3,4,5,0
35,446,10,3,464,4,1,673,10306,9,3,13,1
37,961,10,3,464,2,2,673,3936,1,1,8,0
40,961,16,3,606,3,4,470,7945,6,2,4,0
44,63,1,5,27,1,4,673,5743,4,3,10,0
48,961,4,5,464,3,4,673,15202,2,3,2,0
35,446,15,2,464,1,4,327,5440,6,2,2,1
24,961,2,1,132,1,4,470,3760,1,3,6,0
27,961,8,3,464,2,3,673,3517,7,3,3,0
27,961,2,3,464,4,4,470,2580,2,2,4,0
40,961,7,3,606,1,1,470,2166,3,1,4,1
29,446,10,3,464,3,3,470,5869,9,3,5,0
36,961,5,4,606,2,1,673,8008,4,3,3,0
25,961,2,1,606,4,3,327,5206,1,3,7,0
39,961,12,3,464,4,2,673,5295,4,3,5,0
49,961,22,4,82,1,2,673,16413,3,3,4,0
50,961,17,5,606,4,1,327,13269,5,3,14,0
20,446,2,3,464,3,3,470,2783,1,3,2,0
34,961,3,3,606,4,2,327,5433,1,3,11,0
36,961,7,3,606,1,2,470,2013,2,3,4,0
49,961,6,1,606,3,3,673,13966,2,3,15,0
36,961,1,4,464,4,3,673,4374,0,3,3,0
36,961,3,2,606,4,1,327,6842,6,3,5,0
54,961,22,5,464,2,3,673,17426,3,3,10,0
43,961,15,2,606,3,3,673,17603,1,3,14,0
35,446,12,4,82,4,4,470,4581,3,4,11,1
38,961,1,3,606,4,4,673,4735,7,4,13,0
29,446,5,3,464,1,2,327,4187,1,2,10,0
33,446,2,4,464,4,4,327,5505,1,3,6,0
32,961,2,3,464,4,2,327,5470,0,2,9,0
31,446,5,4,606,1,4,673,5476,1,3,10,0
49,961,16,3,464,4,1,327,2587,4,2,2,0
38,961,2,3,464,4,2,470,2440,1,3,4,0
47,446,2,4,606,2,2,327,15972,6,3,3,0
49,961,1,3,606,3,3,470,15379,4,3,8,0
41,446,23,2,606,4,3,470,7082,3,3,2,0
20,446,9,1,606,4,1,470,2728,1,3,2,0
33,446,16,3,606,3,4,327,5368,1,3,6,0
36,961,26,4,606,1,3,673,5347,6,2,3,0
44,63,1,3,606,3,4,327,3195,4,3,2,0
23,961,8,1,464,4,3,470,3989,1,3,5,1
38,961,4,2,464,4,3,673,3306,7,2,0,0
53,961,24,4,464,2,4,673,7005,3,3,4,0
48,446,7,2,464,4,3,673,2655,2,3,9,1
32,961,2,4,606,4,2,470,1393,1,3,1,1
26,961,7,3,464,4,4,470,2570,1,3,7,0
55,961,22,3,132,1,2,327,3537,5,3,4,0
34,961,5,2,464,2,4,673,3986,1,4,15,0
60,961,1,4,464,3,4,327,10883,3,4,1,0
33,961,21,3,464,2,2,673,2028,1,3,14,0
37,446,1,4,464,3,4,327,9525,1,2,6,0
34,961,19,3,606,2,4,673,2929,1,3,10,0
23,446,7,3,606,3,4,327,2275,1,3,3,1
44,961,2,3,606,3,4,673,7879,1,3,8,0
35,961,2,4,464,1,4,470,4930,0,4,5,0
43,446,2,3,464,4,4,673,7847,1,3,10,0
24,961,9,3,464,3,3,673,4401,1,3,5,0
41,446,6,3,159,4,3,470,9241,1,3,10,0
29,961,9,4,464,4,3,673,2974,9,3,5,0
36,446,2,4,606,3,4,470,4502,3,2,13,0
45,961,1,1,606,3,3,673,10748,3,2,23,0
24,63,22,1,27,4,3,673,1555,1,3,1,1
47,446,9,3,606,3,3,673,12936,7,1,23,1
26,961,17,4,464,4,3,673,2305,1,4,3,0
45,961,28,2,132,4,2,470,16704,1,3,21,0
32,961,10,3,606,1,3,673,3433,6,2,5,0
31,961,2,4,606,2,3,673,3477,1,4,5,0
41,63,4,3,27,3,2,673,6430,6,3,3,0
40,961,8,2,606,2,1,673,6516,2,3,1,0
24,961,29,1,464,2,1,327,3907,1,4,6,0
46,961,13,4,606,3,2,470,5562,6,3,10,0
35,961,27,4,606,4,3,673,6883,2,3,7,0
30,961,16,1,606,2,4,673,2862,1,2,10,0
47,446,2,4,159,3,2,673,4978,7,1,1,0
46,446,2,3,606,3,4,327,10368,4,2,10,0
36,446,13,5,159,2,1,327,6134,5,3,2,1
32,446,1,2,606,1,2,470,6735,6,3,0,1
23,961,4,1,464,3,2,470,3295,1,1,3,0
31,961,24,1,132,4,4,470,5238,2,2,5,0
39,961,1,3,606,4,4,673,6472,1,3,9,0
32,446,19,3,606,4,3,673,9610,3,1,4,0
40,446,7,4,464,2,2,470,19833,1,2,21,0
45,63,4,3,606,3,3,673,9756,4,4,5,0
30,961,2,4,132,4,1,470,4968,0,3,9,0
24,63,10,3,464,1,4,673,2145,0,3,2,0
30,63,8,3,27,3,4,327,2180,6,2,4,1
31,446,5,3,132,1,3,673,8346,1,3,5,0
27,961,8,3,464,3,4,470,3445,1,2,6,0
29,446,9,3,159,2,2,470,2760,1,3,2,1
29,961,1,3,606,4,3,470,6294,8,4,3,0
30,446,15,2,159,3,1,327,7140,2,3,7,0
34,961,2,4,464,4,4,673,2932,0,3,5,0
33,446,2,3,159,4,2,470,5147,8,2,11,0
49,446,11,4,159,4,4,470,4507,3,4,5,0
33,446,16,3,606,1,1,470,8564,2,2,0,1
38,961,2,2,464,3,2,673,2468,4,2,6,0
31,446,16,4,159,1,3,673,8161,2,3,1,1
29,961,4,3,132,4,1,327,2109,1,3,1,0
30,961,16,3,606,3,3,673,5294,3,3,7,0
32,961,5,4,132,2,2,470,2718,2,3,7,0
38,961,18,3,464,2,4,673,5811,3,3,1,0
43,961,17,3,132,3,3,673,2437,9,3,1,1
42,961,12,3,464,2,2,327,2766,8,2,5,0
55,961,2,3,464,3,1,673,19038,8,3,1,0
33,961,4,3,132,4,2,327,3055,5,2,9,0
41,961,9,4,606,3,1,327,2289,1,3,5,0
34,446,10,3,606,4,3,327,4001,1,3,15,0
53,961,1,4,464,1,3,673,12965,4,2,3,0
43,63,2,3,606,2,4,470,3539,0,3,9,0
34,446,3,2,606,4,4,470,6029,5,3,2,0
21,446,7,1,159,2,2,470,2679,1,3,1,1
38,961,6,2,82,4,3,673,3702,1,3,5,0
22,961,8,1,464,3,1,673,2398,1,3,1,1
31,446,29,4,159,1,4,673,5468,1,3,12,0
51,961,3,3,132,1,3,673,13116,2,3,2,0
37,446,9,2,159,2,2,673,4189,1,3,5,0
46,961,2,4,464,3,4,327,19328,7,3,2,0
36,961,10,3,606,4,1,673,8321,7,3,12,0
44,961,1,2,464,3,2,327,2342,1,2,5,1
37,63,8,2,82,3,2,327,4071,2,2,10,0
35,446,27,3,606,3,4,470,5813,1,3,10,1
33,961,8,4,606,4,1,673,3143,6,3,10,0
28,961,1,3,606,3,4,673,2044,1,4,5,0
39,961,10,1,464,3,3,470,13464,7,3,4,0
46,446,26,2,606,2,2,470,7991,8,3,2,0
40,961,2,2,606,3,1,673,3377,4,2,4,0
42,961,13,3,464,2,1,673,5538,5,2,0,0
35,961,2,2,464,2,4,327,5762,2,3,7,0
38,63,2,3,27,1,2,327,2592,5,3,11,0
34,961,9,4,606,4,1,673,5346,4,2,7,1
37,961,10,4,464,4,1,470,4213,1,1,10,1
39,446,20,3,606,3,4,327,4127,2,3,2,0
43,961,9,3,606,1,3,470,2438,4,2,3,0
41,961,5,3,606,2,2,470,6870,3,1,3,0
41,446,4,1,159,3,3,327,10447,0,4,22,0
30,961,10,3,464,1,3,470,9667,9,3,7,0
26,63,20,2,464,4,2,673,2148,0,3,5,1
46,961,21,2,464,4,2,673,8926,4,4,9,1
40,961,1,3,606,3,4,327,6513,4,3,5,0
34,446,8,2,132,2,3,673,6799,1,3,10,0
58,446,2,3,464,2,2,327,16291,4,2,16,0
35,961,23,4,464,2,3,673,2705,0,4,5,0
47,961,4,3,606,3,2,327,10333,8,3,22,0
40,961,12,3,606,2,1,327,4448,2,3,7,0
54,961,7,4,464,4,4,673,6854,4,2,7,0
31,446,7,4,159,1,1,673,9637,2,3,3,0
28,961,1,3,464,3,1,673,3591,1,3,3,0
38,446,2,4,159,2,4,673,5405,2,2,4,0
26,446,10,3,464,3,4,470,4684,1,3,5,0
58,961,15,4,606,1,3,673,15787,2,3,2,0
18,961,14,3,464,2,3,470,1514,1,1,0,0
31,63,18,5,27,4,1,673,2956,0,3,1,1
29,63,13,3,27,1,1,327,2335,4,3,2,1
45,446,2,4,606,3,3,673,5154,4,4,8,0
36,961,2,4,82,4,2,673,6962,4,3,1,0
43,446,2,4,606,1,4,673,5675,1,3,7,0
27,961,5,2,606,4,4,470,2379,0,2,5,0
29,961,20,1,464,4,4,673,3812,1,4,11,0
32,446,10,4,159,4,4,470,4648,8,4,0,0
42,961,10,4,132,3,3,673,2936,3,2,6,0
47,961,9,4,606,2,3,470,2105,4,3,2,0
46,961,2,2,606,4,4,327,8578,3,2,9,0
28,63,1,2,606,3,4,327,2706,1,3,3,0
29,961,29,1,606,4,3,327,6384,8,3,7,0
42,961,8,3,606,4,3,470,3968,4,3,0,0
32,446,2,4,159,3,2,470,9907,7,2,2,1
46,446,3,3,132,1,1,327,13225,2,3,19,0
27,446,23,1,464,2,3,673,3540,1,3,9,0
29,63,6,1,464,4,2,673,2804,1,3,1,0
43,961,6,3,464,1,3,673,19392,7,3,16,0
48,961,10,3,606,4,2,673,19665,4,3,22,0
29,961,24,2,606,4,4,470,2439,1,2,1,1
46,446,10,3,606,3,2,673,7314,5,3,8,1
27,961,15,3,606,4,1,673,4774,0,2,7,0
39,961,19,4,82,4,4,327,3902,8,3,2,0
55,961,2,4,132,2,4,673,2662,8,4,5,0
28,446,3,3,464,2,2,673,2856,1,3,1,0
30,446,9,3,464,2,4,470,1081,1,2,1,1
22,961,7,1,606,4,2,470,2472,1,3,1,1
36,446,10,4,132,2,3,673,5673,1,3,10,0
31,961,20,3,606,2,3,327,4197,1,3,10,0
34,446,4,3,606,3,4,673,9713,2,3,5,0
29,961,7,3,606,4,1,470,2062,3,3,3,0
37,961,7,4,464,4,1,673,4284,5,3,5,0
35,961,16,2,82,4,2,673,4788,0,3,3,0
45,961,25,2,606,2,4,673,5906,0,2,9,0
36,63,2,1,27,2,4,470,3886,1,2,10,0
40,961,1,4,606,1,1,327,16823,2,3,19,0
26,961,1,2,606,2,3,673,2933,1,2,1,0
27,446,2,2,464,1,3,470,6500,0,2,8,0
48,961,22,3,464,4,4,327,17174,3,3,22,0
44,961,1,4,606,2,1,673,5033,2,3,2,0
34,961,16,4,132,4,1,673,2307,1,3,5,1
56,961,24,2,606,1,4,470,2587,1,3,4,1
36,446,17,2,159,3,2,673,5507,2,1,4,0
41,446,8,3,159,3,2,673,4393,5,3,5,0
42,961,6,3,464,3,1,673,13348,9,4,13,0
31,446,10,2,464,3,4,327,6583,2,3,5,0
34,446,3,1,464,4,4,673,8103,3,2,4,0
31,961,4,3,464,1,3,327,3978,8,2,2,0
26,961,6,3,82,3,4,673,2544,0,3,7,0
45,961,1,4,464,2,3,470,5399,4,3,4,0
33,446,10,4,159,2,3,470,5487,1,2,10,0
28,446,1,2,606,3,4,673,6834,1,3,7,0
29,446,24,3,132,3,1,470,1091,1,3,1,1
39,446,21,4,606,1,3,673,5736,6,3,3,0
27,961,2,4,132,2,2,673,2226,1,2,5,0
34,961,22,4,82,3,4,673,5747,1,3,15,0
28,446,13,2,159,4,3,470,9854,3,3,2,1
47,961,14,4,132,3,2,673,5467,8,4,8,0
56,446,11,5,159,4,1,673,5380,4,3,0,0
39,961,9,2,464,1,1,673,5151,1,3,10,0
38,961,8,3,464,4,2,327,2133,1,3,20,0
58,446,21,3,606,4,4,673,17875,4,2,1,0
32,961,5,2,606,1,3,470,2432,3,3,4,1
38,961,9,2,606,2,4,327,4771,2,4,5,0
49,961,2,1,606,2,4,673,19161,3,3,5,0
42,446,12,4,159,2,4,327,5087,3,3,0,0
27,63,22,3,27,1,2,673,2863,1,3,1,1
35,446,18,4,464,2,1,673,5561,0,1,5,0
28,961,16,3,464,3,3,470,2144,1,2,5,0
31,961,3,2,464,3,1,327,3065,1,4,4,0
36,961,9,4,606,1,2,673,2810,1,3,5,0
34,446,1,3,159,1,4,470,9888,1,2,14,0
34,446,13,4,464,4,3,327,8628,1,2,8,0
26,961,1,3,464,3,1,470,2867,0,2,7,0
29,961,1,3,606,1,1,673,5373,0,2,5,0
32,961,15,4,464,3,4,327,6667,5,3,5,0
31,961,1,3,606,4,1,673,5003,1,3,10,0
28,961,17,3,132,3,4,327,2367,5,2,4,1
38,446,1,3,606,1,1,470,2858,4,2,1,0
35,446,7,4,606,3,4,673,5204,1,3,10,0
27,446,9,3,159,4,4,470,4105,1,3,7,0
32,961,5,4,606,4,4,470,9679,8,3,1,0
31,446,26,4,159,1,4,673,5617,1,3,10,1
53,446,24,4,606,1,1,470,10448,6,2,2,1
54,961,9,2,606,1,3,673,2897,3,2,4,0
33,961,7,2,606,4,3,327,5968,1,3,9,0
43,961,11,3,606,1,3,673,7510,1,3,10,0
38,63,1,4,82,4,2,673,2991,0,3,6,0
55,63,26,4,27,3,2,673,19636,4,3,10,0
31,961,2,1,464,4,4,327,1129,1,3,1,0
39,446,15,4,159,2,1,470,13341,0,3,20,0
42,961,23,2,606,4,3,470,4332,1,3,20,0
31,961,10,3,464,3,3,673,11031,4,4,11,0
54,961,10,3,464,3,1,470,4440,6,3,5,0
24,961,1,2,606,2,3,470,4617,1,2,4,0
23,961,12,2,82,4,4,470,2647,1,4,5,0
40,961,11,3,132,4,3,673,6323,1,4,10,0
40,446,2,2,159,2,2,673,5677,3,3,11,0
25,63,2,3,27,3,2,673,2187,4,3,2,0
30,961,1,2,464,4,2,673,3748,1,2,12,0
25,961,2,1,82,4,3,327,3977,6,2,2,0
47,961,25,3,464,1,3,470,8633,2,3,17,0
33,961,1,2,464,2,3,327,2008,1,2,1,0
38,446,1,4,606,4,2,673,4440,0,3,15,0
31,446,2,2,606,1,3,673,3067,0,3,2,0
38,961,6,4,606,1,3,673,5321,2,3,8,0
42,961,18,4,606,4,1,327,5410,6,2,4,0
41,961,1,3,606,4,4,673,2782,3,3,5,0
47,961,1,1,464,3,2,673,11957,0,1,13,0
35,961,11,4,464,4,3,673,2660,7,3,2,0
22,961,1,2,606,4,3,470,3375,0,4,3,0
35,961,9,4,464,2,3,470,5098,1,3,10,0
33,961,15,2,464,2,4,673,4878,0,3,9,0
32,961,29,4,606,3,2,470,2837,1,3,6,0
40,961,1,4,606,1,4,673,2406,8,2,1,0
32,446,1,4,464,2,2,673,2269,0,3,2,0
39,961,24,1,606,1,4,470,4108,7,3,7,0
38,961,10,3,464,2,3,673,13206,3,3,18,0
32,446,1,4,159,3,4,673,10422,1,3,14,0
37,961,10,3,606,3,4,673,13744,1,3,16,0
25,446,8,2,82,1,3,327,4907,0,2,5,0
52,446,29,4,606,1,4,327,3482,2,2,9,0
44,961,1,3,464,2,4,470,2436,6,3,4,0
21,446,5,1,464,3,1,470,2380,1,3,2,0
39,961,9,3,606,4,4,470,19431,2,2,6,0
23,446,9,3,159,4,1,673,1790,1,2,1,1
36,446,3,3,464,1,4,673,7644,0,3,9,0
36,961,4,2,606,4,2,327,5131,7,3,4,0
56,961,1,4,606,3,3,327,6306,1,2,13,0
29,961,1,4,464,1,4,673,4787,9,4,2,1
42,961,2,3,606,1,3,673,18880,5,2,22,0
56,961,7,2,132,4,3,673,2339,8,1,10,1
41,961,28,4,606,1,2,673,13570,0,3,20,0
34,446,28,3,159,4,3,673,6712,1,3,8,0
36,446,15,4,159,4,4,327,5406,1,2,15,0
41,446,3,3,606,3,2,327,8938,2,3,5,0
32,961,2,3,132,4,1,470,2439,1,3,4,0
35,63,26,4,606,3,4,470,8837,1,3,9,0
38,446,10,2,606,1,4,673,5343,1,3,10,0
50,446,1,4,606,2,3,327,6728,7,3,6,1
36,446,11,4,159,2,4,673,6652,4,2,6,0
45,446,20,3,606,4,3,470,4850,8,3,5,0
40,961,2,4,606,3,3,470,2809,2,3,2,0
35,961,18,4,606,3,3,673,5689,1,4,10,0
40,961,2,4,464,3,3,673,2001,2,3,5,0
35,961,1,4,606,3,4,673,2977,1,3,4,0
29,961,13,2,82,4,2,673,4025,4,3,4,0
29,961,28,4,464,4,1,470,3785,1,1,5,0
50,446,28,3,159,4,1,327,10854,4,3,3,1
39,446,24,1,159,2,4,673,12031,0,2,20,0
31,961,5,3,464,2,1,470,9936,0,3,9,0
26,446,5,3,82,4,3,470,2966,0,3,4,0
36,961,23,2,464,3,4,673,2571,4,3,5,0
39,961,6,1,464,4,1,673,9991,4,3,7,0
27,961,4,3,606,2,2,673,6142,1,3,6,0
49,446,2,3,464,4,2,673,5390,2,2,9,0
34,961,8,3,464,2,3,673,4404,2,4,4,0
